{
    "c_min_safe": 0.1,
    "c_max_safe": 4.681909547738694,
    "empirical_cost_at_max": 785.9399684044238,
    "asymptote_limit_M": 5.0
}